"Position","Name","Salary","GameInfo","AvgPointsPerGame","teamAbbrev"
"SP","Clayton Kershaw",13400,"SD@LAD 10:10PM ET",26.148,"LAD"
"SP","Stephen Strasburg",13300,"WAS@PHI 07:05PM ET",23.024,"WAS"
"SP","Chris Sale",13200,"TOR@BOS 07:10PM ET",28.726,"BOS"
"SP","Robbie Ray",13000,"SF@ARI 09:40PM ET",23.881,"ARI"
"SP","Max Scherzer",12900,"WAS@PHI 07:05PM ET",26.226,"WAS"
"SP","Justin Verlander",12600,"HOU@TEX 08:05PM ET",19.625,"HOU"
"SP","Yu Darvish",12300,"SD@LAD 10:10PM ET",18.342,"LAD"
"SP","Zack Greinke",12100,"SF@ARI 09:40PM ET",21.042,"ARI"
"SP","Carlos Martinez",11500,"CHC@STL 08:15PM ET",18.791,"STL"
"SP","Dallas Keuchel",11300,"HOU@TEX 08:05PM ET",18.059,"HOU"
"SP","Kenta Maeda",10700,"SD@LAD 10:10PM ET",14.325,"LAD"
"SP","Zack Godley",10600,"SF@ARI 09:40PM ET",18.986,"ARI"
"SP","Jose Quintana",10100,"CHC@STL 08:15PM ET",18.065,"CHC"
"SP","David Price",10000,"TOR@BOS 07:10PM ET",16.138,"BOS"
"SP","Luke Weaver",9900,"CHC@STL 08:15PM ET",16.885,"STL"
"SP","Madison Bumgarner",9900,"SF@ARI 09:40PM ET",18.462,"SF"
"SP","Brad Peacock",9800,"HOU@TEX 08:05PM ET",14.386,"HOU"
"SP","Gio Gonzalez",9500,"WAS@PHI 07:05PM ET",20.048,"WAS"
"SP","Kyle Hendricks",9400,"CHC@STL 08:15PM ET",15.300,"CHC"
"SP","Rich Hill",9400,"SD@LAD 10:10PM ET",19.008,"LAD"
"SP","Alex Wood",9300,"SD@LAD 10:10PM ET",19.479,"LAD"
"SP","Drew Pomeranz",9200,"TOR@BOS 07:10PM ET",17.552,"BOS"
"SP","Tanner Roark",9200,"WAS@PHI 07:05PM ET",15.288,"WAS"
"SP","Mike Fiers",9100,"HOU@TEX 08:05PM ET",11.660,"HOU"
"SP","Patrick Corbin",9100,"SF@ARI 09:40PM ET",14.646,"ARI"
"SP","Hyun-Jin Ryu",9100,"SD@LAD 10:10PM ET",13.854,"LAD"
"SP","Cole Hamels",9000,"HOU@TEX 08:05PM ET",14.617,"TEX"
"SP","Marcus Stroman",8900,"TOR@BOS 07:10PM ET",16.153,"TOR"
"SP","Jon Gray",8900,"MIA@COL 08:40PM ET",16.703,"COL"
"SP","Charlie Morton",8700,"HOU@TEX 08:05PM ET",19.317,"HOU"
"SP","Lance McCullers Jr.",8700,"HOU@TEX 08:05PM ET",16.240,"HOU"
"SP","Aaron Sanchez",8600,"TOR@BOS 07:10PM ET",7.650,"TOR"
"SP","Eduardo Rodriguez",8600,"TOR@BOS 07:10PM ET",16.810,"BOS"
"SP","Julio Urias",8600,"SD@LAD 10:10PM ET",4.740,"LAD"
"SP","Matt Shoemaker",8500,"LAA@CWS 08:10PM ET",13.982,"LAA"
"SP","Taijuan Walker",8500,"SF@ARI 09:40PM ET",15.198,"ARI"
"SP","Jon Lester",8400,"CHC@STL 08:15PM ET",15.188,"CHC"
"SP","Daniel Mengden",8400,"SEA@OAK 10:05PM ET",15.060,"OAK"
"SP","Michael Wacha",8200,"CHC@STL 08:15PM ET",15.133,"STL"
"SP","Jake Arrieta",8100,"CHC@STL 08:15PM ET",15.475,"CHC"
"SP","Collin McHugh",8100,"HOU@TEX 08:05PM ET",14.375,"HOU"
"SP","Lucas Giolito",8000,"LAA@CWS 08:10PM ET",18.629,"CWS"
"SP","Aaron Nola",8000,"WAS@PHI 07:05PM ET",19.835,"PHI"
"SP","Rick Porcello",7900,"TOR@BOS 07:10PM ET",14.617,"BOS"
"SP","J.A. Happ",7800,"TOR@BOS 07:10PM ET",16.210,"TOR"
"SP","Tyler Chatwood",7800,"MIA@COL 08:40PM ET",9.742,"COL"
"SP","Drew Smyly",7700,"SEA@OAK 10:05PM ET",0,"SEA"
"SP","Francisco Liriano",7700,"HOU@TEX 08:05PM ET",5.265,"HOU"
"SP","Vince Velasquez",7700,"WAS@PHI 07:05PM ET",9.838,"PHI"
"SP","Dinelson Lamet",7700,"SD@LAD 10:10PM ET",17.360,"SD"
"SP","Hisashi Iwakuma",7600,"SEA@OAK 10:05PM ET",7.858,"SEA"
"SP","Jeff Samardzija",7600,"SF@ARI 09:40PM ET",16.234,"SF"
"SP","Archie Bradley",7600,"SF@ARI 09:40PM ET",4.241,"ARI"
"SP","Jose Urena",7600,"MIA@COL 08:40PM ET",11.131,"MIA"
"SP","Adam Wainwright",7500,"CHC@STL 08:15PM ET",10.135,"STL"
"SP","Martin Perez",7500,"HOU@TEX 08:05PM ET",10.224,"TEX"
"SP","Joe Ross",7500,"WAS@PHI 07:05PM ET",8.748,"WAS"
"SP","Brandon McCarthy",7500,"SD@LAD 10:10PM ET",12.461,"LAD"
"SP","Tyler Anderson",7500,"MIA@COL 08:40PM ET",11.909,"COL"
"SP","Doug Fister",7400,"TOR@BOS 07:10PM ET",11.526,"BOS"
"SP","James Paxton",7400,"SEA@OAK 10:05PM ET",20.095,"SEA"
"SP","A.J. Puk",7400,"SEA@OAK 10:05PM ET",0,"OAK"
"SP","Scott Kazmir",7400,"SD@LAD 10:10PM ET",0,"LAD"
"SP","Steven Wright",7300,"TOR@BOS 07:10PM ET",2.360,"BOS"
"SP","John Lackey",7300,"CHC@STL 08:15PM ET",13.262,"CHC"
"SP","Mark Leiter Jr.",7300,"WAS@PHI 07:05PM ET",7.871,"PHI"
"SP","Johnny Cueto",7300,"SF@ARI 09:40PM ET",13.756,"SF"
"SP","German Marquez",7300,"MIA@COL 08:40PM ET",14.257,"COL"
"SP","Ben Lively",7200,"WAS@PHI 07:05PM ET",10.964,"PHI"
"SP","Marco Estrada",7100,"TOR@BOS 07:10PM ET",14.370,"TOR"
"SP","Lance Lynn",7100,"CHC@STL 08:15PM ET",14.650,"STL"
"SP","Mike Leake",7100,"SEA@OAK 10:05PM ET",12.778,"SEA"
"SP","J.C. Ramirez",7000,"LAA@CWS 08:10PM ET",11.736,"LAA"
"SP","Daniel Gossett",7000,"SEA@OAK 10:05PM ET",10.138,"OAK"
"SP","Joe Musgrove",7000,"HOU@TEX 08:05PM ET",7.107,"HOU"
"SP","Ariel Miranda",6900,"SEA@OAK 10:05PM ET",11.303,"SEA"
"SP","Kendall Graveman",6800,"SEA@OAK 10:05PM ET",11.239,"OAK"
"SP","Mike Montgomery",6700,"CHC@STL 08:15PM ET",7.604,"CHC"
"SP","Felix Hernandez",6700,"SEA@OAK 10:05PM ET",13.540,"SEA"
"RP","Chris Stratton",6700,"SF@ARI 09:40PM ET",10.133,"SF"
"SP","Wei-Yin Chen",6700,"MIA@COL 08:40PM ET",9.250,"MIA"
"SP","Chad Bettis",6700,"MIA@COL 08:40PM ET",7.388,"COL"
"SP","Parker Bridwell",6600,"LAA@CWS 08:10PM ET",12.489,"LAA"
"SP","Chase De Jong",6600,"SEA@OAK 10:05PM ET",3.336,"SEA"
"SP","Nick Pivetta",6600,"WAS@PHI 07:05PM ET",11.616,"PHI"
"SP","Kyle Freeland",6600,"MIA@COL 08:40PM ET",10.250,"COL"
"SP","Jeff Hoffman",6600,"MIA@COL 08:40PM ET",9.826,"COL"
"SP","Carlos Rodon",6500,"LAA@CWS 08:10PM ET",14.862,"CWS"
"SP","Andrew Cashner",6500,"HOU@TEX 08:05PM ET",11.902,"TEX"
"SP","Edwin Jackson",6500,"WAS@PHI 07:05PM ET",6.386,"WAS"
"SP","Tyler Skaggs",6400,"LAA@CWS 08:10PM ET",11.857,"LAA"
"SP","Garrett Richards",6400,"LAA@CWS 08:10PM ET",16.640,"LAA"
"SP","Matt Moore",6400,"SF@ARI 09:40PM ET",11.298,"SF"
"SP","Shelby Miller",6400,"SF@ARI 09:40PM ET",14.575,"ARI"
"SP","Rubby De La Rosa",6400,"SF@ARI 09:40PM ET",2.961,"ARI"
"SP","Antonio Senzatela",6400,"MIA@COL 08:40PM ET",8.672,"COL"
"SP","Andrew Albers",6300,"SEA@OAK 10:05PM ET",14.479,"SEA"
"SP","Sean Manaea",6300,"SEA@OAK 10:05PM ET",13.057,"OAK"
"SP","Clayton Richard",6300,"SD@LAD 10:10PM ET",12.408,"SD"
"SP","James Shields",6200,"LAA@CWS 08:10PM ET",11.095,"CWS"
"SP","Mike Bolsinger",6200,"TOR@BOS 07:10PM ET",6.018,"TOR"
"RP","Simon Castro",6200,"SEA@OAK 10:05PM ET",3.443,"OAK"
"RP","Michael Brady",6200,"SEA@OAK 10:05PM ET",2.661,"OAK"
"RP","Zach Neal",6200,"SEA@OAK 10:05PM ET",2.500,"OAK"
"SP","Jharel Cotton",6200,"SEA@OAK 10:05PM ET",10.410,"OAK"
"SP","Miguel Gonzalez",6200,"HOU@TEX 08:05PM ET",10.142,"TEX"
"SP","Tyler Beede",6200,"SF@ARI 09:40PM ET",0,"SF"
"SP","Jack Flaherty",6100,"CHC@STL 08:15PM ET",6.575,"STL"
"SP","Erasmo Ramirez",6100,"SEA@OAK 10:05PM ET",8.342,"SEA"
"SP","A.J. Griffin",6100,"HOU@TEX 08:05PM ET",9.991,"TEX"
"SP","A.J. Cole",6100,"WAS@PHI 07:05PM ET",10.444,"WAS"
"SP","Edinson Volquez",6100,"MIA@COL 08:40PM ET",13.491,"MIA"
"SP","Jesse Chavez",6000,"LAA@CWS 08:10PM ET",8.119,"LAA"
"SP","Carson Fulmer",6000,"LAA@CWS 08:10PM ET",8.375,"CWS"
"SP","Reynaldo Lopez",6000,"LAA@CWS 08:10PM ET",11.079,"CWS"
"SP","Brian Johnson",6000,"TOR@BOS 07:10PM ET",13.150,"BOS"
"SP","Clayton Blackburn",6000,"HOU@TEX 08:05PM ET",0,"TEX"
"SP","Jered Weaver",6000,"SD@LAD 10:10PM ET",3.450,"SD"
"SP","Dan Straily",6000,"MIA@COL 08:40PM ET",14.838,"MIA"
"SP","Tom Koehler",5900,"TOR@BOS 07:10PM ET",4.556,"TOR"
"SP","Jerad Eickhoff",5900,"WAS@PHI 07:05PM ET",12.025,"PHI"
"SP","Erick Fedde",5900,"WAS@PHI 07:05PM ET",5.367,"WAS"
"SP","Jhoulys Chacin",5900,"SD@LAD 10:10PM ET",13.414,"SD"
"SP","Tyson Ross",5800,"HOU@TEX 08:05PM ET",4.388,"TEX"
"SP","Luis Perdomo",5800,"SD@LAD 10:10PM ET",10.725,"SD"
"OF","Giancarlo Stanton",5800,"MIA@COL 08:40PM ET",10.651,"MIA"
"SP","Brett Anderson",5700,"TOR@BOS 07:10PM ET",5.164,"TOR"
"SP","Jake Thompson",5700,"WAS@PHI 07:05PM ET",7.364,"PHI"
"OF","Charlie Blackmon",5700,"MIA@COL 08:40PM ET",10.870,"COL"
"SP","Derek Holland",5600,"LAA@CWS 08:10PM ET",7.122,"CWS"
"RP","Henry Owens",5600,"TOR@BOS 07:10PM ET",0,"BOS"
"SP","Joe Biagini",5600,"TOR@BOS 07:10PM ET",5.228,"TOR"
"SP","Nick Martinez",5600,"HOU@TEX 08:05PM ET",7.611,"TEX"
"RP","Austin Adams",5600,"WAS@PHI 07:05PM ET",1.338,"WAS"
"1B","Paul Goldschmidt",5600,"SF@ARI 09:40PM ET",10.620,"ARI"
"OF","J.D. Martinez",5600,"SF@ARI 09:40PM ET",10.444,"ARI"
"SP","Vance Worley",5600,"MIA@COL 08:40PM ET",3.076,"MIA"
"3B","Nolan Arenado",5600,"MIA@COL 08:40PM ET",9.591,"COL"
"SP","Justin Nicolino",5600,"MIA@COL 08:40PM ET",3.065,"MIA"
"SP","Nate Smith",5500,"LAA@CWS 08:10PM ET",0,"LAA"
"SP","Mat Latos",5500,"TOR@BOS 07:10PM ET",4.983,"TOR"
"SP","Roenis Elias",5500,"TOR@BOS 07:10PM ET",2.150,"BOS"
"SP","Yovani Gallardo",5500,"SEA@OAK 10:05PM ET",7.714,"SEA"
"SP","Matt Grace",5500,"WAS@PHI 07:05PM ET",2.189,"WAS"
"SP","Austin Voth",5500,"WAS@PHI 07:05PM ET",0,"WAS"
"SP","Zach Eflin",5500,"WAS@PHI 07:05PM ET",6.650,"PHI"
"RP","Dan Slania",5500,"SF@ARI 09:40PM ET",2.250,"SF"
"SP","Zach Lee",5500,"SD@LAD 10:10PM ET",4.800,"SD"
"SP","Dillon Peters",5500,"MIA@COL 08:40PM ET",7.910,"MIA"
"SP","Ricky Nolasco",5400,"LAA@CWS 08:10PM ET",11.406,"LAA"
"SP","David Holmberg",5400,"LAA@CWS 08:10PM ET",2.110,"CWS"
"SP","Troy Scribner",5400,"LAA@CWS 08:10PM ET",5.785,"LAA"
"SP","Chris Rowley",5400,"TOR@BOS 07:10PM ET",3.590,"TOR"
"1B/OF","Rhys Hoskins",5400,"WAS@PHI 07:05PM ET",11.341,"PHI"
"SP","Ross Stripling",5400,"SD@LAD 10:10PM ET",4.222,"LAD"
"SP","Yusmeiro Petit",5300,"LAA@CWS 08:10PM ET",5.398,"LAA"
"SP","Andrew Heaney",5300,"LAA@CWS 08:10PM ET",8.525,"LAA"
"SP","Kyle Kendrick",5300,"TOR@BOS 07:10PM ET",-5.925,"BOS"
"OF","Mookie Betts",5300,"TOR@BOS 07:10PM ET",9.400,"BOS"
"SP","Chris Smith",5300,"SEA@OAK 10:05PM ET",3.762,"OAK"
"RP","Seth Frankoff",5300,"SEA@OAK 10:05PM ET",2.100,"SEA"
"SP","Marco Gonzales",5300,"SEA@OAK 10:05PM ET",5.400,"SEA"
"SP","Grant Holmes",5300,"SEA@OAK 10:05PM ET",0,"OAK"
"2B","Jose Altuve",5300,"HOU@TEX 08:05PM ET",10.340,"HOU"
"SP","Tyler Wagner",5300,"HOU@TEX 08:05PM ET",0,"TEX"
"SP","Matt Cain",5300,"SF@ARI 09:40PM ET",5.850,"SF"
"SP","Brock Stewart",5300,"SD@LAD 10:10PM ET",5.225,"LAD"
"OF","Mike Trout",5200,"LAA@CWS 08:10PM ET",11.136,"LAA"
"RP","Eduardo Paredes",5200,"LAA@CWS 08:10PM ET",2.528,"LAA"
"SP","Paul Blackburn",5200,"SEA@OAK 10:05PM ET",10.100,"OAK"
"SP","Rob Whalen",5200,"SEA@OAK 10:05PM ET",1.950,"SEA"
"SP","Andrew Moore",5200,"SEA@OAK 10:05PM ET",7.941,"SEA"
"SS","Trea Turner",5200,"WAS@PHI 07:05PM ET",10.609,"WAS"
"SP","Anthony Banda",5200,"SF@ARI 09:40PM ET",8.020,"ARI"
"SP","Jordan Lyles",5200,"SD@LAD 10:10PM ET",2.159,"SD"
"RP","Odrisamer Despaigne",5200,"MIA@COL 08:40PM ET",3.788,"MIA"
"1B","Anthony Rizzo",5100,"CHC@STL 08:15PM ET",9.503,"CHC"
"SP","Jesse Hahn",5100,"SEA@OAK 10:05PM ET",9.425,"OAK"
"SP","Henderson Alvarez",5100,"WAS@PHI 07:05PM ET",9.050,"PHI"
"OF","A.J. Pollock",5100,"SF@ARI 09:40PM ET",8.514,"ARI"
"SP","Joan Gregorio",5100,"SF@ARI 09:40PM ET",0,"SF"
"SP","Ty Blach",5100,"SF@ARI 09:40PM ET",6.420,"SF"
"RP","Frank Duncan",5100,"SF@ARI 09:40PM ET",0,"ARI"
"SP","Taylor Clarke",5100,"SF@ARI 09:40PM ET",0,"ARI"
"SP","Adam Conley",5100,"MIA@COL 08:40PM ET",8.778,"MIA"
"SP","Daniel Wright",5000,"LAA@CWS 08:10PM ET",4.608,"LAA"
"OF","Andrew Benintendi",5000,"TOR@BOS 07:10PM ET",8.490,"BOS"
"3B","Kris Bryant",5000,"CHC@STL 08:15PM ET",9.257,"CHC"
"SP","John Gant",5000,"CHC@STL 08:15PM ET",3.825,"STL"
"RP","Alec Mills",5000,"CHC@STL 08:15PM ET",0,"CHC"
"OF","George Springer",5000,"HOU@TEX 08:05PM ET",9.470,"HOU"
"SP","David Paulino",5000,"HOU@TEX 08:05PM ET",12.242,"HOU"
"OF","Bryce Harper",5000,"WAS@PHI 07:05PM ET",10.830,"WAS"
"SP","Walker Buehler",5000,"SD@LAD 10:10PM ET",2.742,"LAD"
"1B","Justin Bour",5000,"MIA@COL 08:40PM ET",8.703,"MIA"
"RP","Vicente Campos",4900,"LAA@CWS 08:10PM ET",0,"LAA"
"SP","Sean Reid-Foley",4900,"TOR@BOS 07:10PM ET",0,"TOR"
"OF","Dexter Fowler",4900,"CHC@STL 08:15PM ET",8.412,"STL"
"1B/OF","Matt Olson",4900,"SEA@OAK 10:05PM ET",8.966,"OAK"
"SP","Albert Suarez",4900,"SF@ARI 09:40PM ET",4.566,"SF"
"SP","Brad Keller",4900,"SF@ARI 09:40PM ET",0,"ARI"
"SP","Travis Wood",4900,"SD@LAD 10:10PM ET",2.944,"SD"
"SP","Brandon Morrow",4900,"SD@LAD 10:10PM ET",3.961,"LAD"
"RP","Edward Paredes",4900,"SD@LAD 10:10PM ET",3.144,"LAD"
"SP","Chris O'Grady",4900,"MIA@COL 08:40PM ET",7.822,"MIA"
"SP","Dylan Covey",4800,"LAA@CWS 08:10PM ET",2.209,"CWS"
"SP","Abel De los Santos",4800,"LAA@CWS 08:10PM ET",0,"LAA"
"SP","Nick Tepesch",4800,"TOR@BOS 07:10PM ET",4.713,"TOR"
"OF","Tommy Pham",4800,"CHC@STL 08:15PM ET",9.721,"STL"
"SP","Paolo Espino",4800,"HOU@TEX 08:05PM ET",3.835,"TEX"
"RP","Brady Rodgers",4800,"HOU@TEX 08:05PM ET",0,"HOU"
"3B","Jake Lamb",4800,"SF@ARI 09:40PM ET",8.632,"ARI"
"SP","Braden Shipley",4800,"SF@ARI 09:40PM ET",3.015,"ARI"
"SP","Robbie Erlin",4800,"SD@LAD 10:10PM ET",0,"SD"
"SP","Bud Norris",4700,"LAA@CWS 08:10PM ET",2.942,"LAA"
"SP","Alex Meyer",4700,"LAA@CWS 08:10PM ET",15.777,"LAA"
"SP","Chi Chi Gonzalez",4700,"HOU@TEX 08:05PM ET",0,"TEX"
"SP","Mark Appel",4700,"WAS@PHI 07:05PM ET",0,"PHI"
"1B/OF","Cody Bellinger",4700,"SD@LAD 10:10PM ET",9.866,"LAD"
"SP","Anderson Espinoza",4700,"SD@LAD 10:10PM ET",0,"SD"
"SP","Michael Kopech",4600,"LAA@CWS 08:10PM ET",0,"CWS"
"SP","Lucas Harrell",4600,"TOR@BOS 07:10PM ET",1.963,"TOR"
"SS","Xander Bogaerts",4600,"TOR@BOS 07:10PM ET",7.472,"BOS"
"RP","Matt Albers",4600,"WAS@PHI 07:05PM ET",3.721,"WAS"
"RP","Jake Buchanan",4600,"SF@ARI 09:40PM ET",-1.230,"ARI"
"SP","Christian Friedrich",4600,"SD@LAD 10:10PM ET",0,"SD"
"SP","Dillon Overton",4600,"SD@LAD 10:10PM ET",1.875,"SD"
"2B","DJ LeMahieu",4600,"MIA@COL 08:40PM ET",7.649,"COL"
"3B","Josh Donaldson",4500,"TOR@BOS 07:10PM ET",8.927,"TOR"
"RP","Chris Smith",4500,"TOR@BOS 07:10PM ET",0.613,"TOR"
"SS","Carlos Correa",4500,"HOU@TEX 08:05PM ET",9.408,"HOU"
"SP","Jeremy Guthrie",4500,"WAS@PHI 07:05PM ET",-24.500,"WAS"
"SP","Clay Buchholz",4500,"WAS@PHI 07:05PM ET",-2.450,"PHI"
"SP","Jeff Locke",4500,"MIA@COL 08:40PM ET",4.543,"MIA"
"OF","Gerardo Parra",4500,"MIA@COL 08:40PM ET",7.134,"COL"
"OF","Marcell Ozuna",4500,"MIA@COL 08:40PM ET",9.150,"MIA"
"2B/3B","Eduardo Nunez",4400,"TOR@BOS 07:10PM ET",8.588,"BOS"
"SP","Cesar Valdez",4400,"TOR@BOS 07:10PM ET",2.836,"TOR"
"RP","Rob Zastryzny",4400,"CHC@STL 08:15PM ET",3.183,"CHC"
"SP","Raul Alcantara",4400,"SEA@OAK 10:05PM ET",2.893,"OAK"
"OF/SS","Marwin Gonzalez",4400,"HOU@TEX 08:05PM ET",8.023,"HOU"
"OF","Aaron Altherr",4400,"WAS@PHI 07:05PM ET",8.050,"PHI"
"RP","Fernando Rodney",4400,"SF@ARI 09:40PM ET",2.981,"ARI"
"SP","Jorge De La Rosa",4400,"SF@ARI 09:40PM ET",1.921,"ARI"
"RP","David Hernandez",4400,"SF@ARI 09:40PM ET",2.643,"ARI"
"RP","T.J. McFarland",4400,"SF@ARI 09:40PM ET",1.916,"ARI"
"RP","J.J. Hoover",4400,"SF@ARI 09:40PM ET",2.469,"ARI"
"RP","Randall Delgado",4400,"SF@ARI 09:40PM ET",6.562,"ARI"
"RP","Jake Barrett",4400,"SF@ARI 09:40PM ET",2.046,"ARI"
"SP","Matt Koch",4400,"SF@ARI 09:40PM ET",-7.800,"ARI"
"RP","Andrew Chafin",4400,"SF@ARI 09:40PM ET",2.111,"ARI"
"RP","Silvino Bracho",4400,"SF@ARI 09:40PM ET",2.364,"ARI"
"RP","Jimmie Sherfy",4400,"SF@ARI 09:40PM ET",4.164,"ARI"
"SP","Tim Melville",4400,"SD@LAD 10:10PM ET",-0.875,"SD"
"SP","Jarred Cosart",4400,"SD@LAD 10:10PM ET",4.257,"SD"
"SP","Jake Esch",4400,"SD@LAD 10:10PM ET",-1.200,"SD"
"OF","Justin Upton",4300,"LAA@CWS 08:10PM ET",9.426,"LAA"
"3B","Rafael Devers",4300,"TOR@BOS 07:10PM ET",8.549,"BOS"
"1B","Matt Carpenter",4300,"CHC@STL 08:15PM ET",7.896,"STL"
"RP","Santiago Casilla",4300,"SEA@OAK 10:05PM ET",2.499,"OAK"
"RP","Chris Hatcher",4300,"SEA@OAK 10:05PM ET",3.459,"OAK"
"RP","Jeanmar Gomez",4300,"SEA@OAK 10:05PM ET",2.458,"SEA"
"RP","John Axford",4300,"SEA@OAK 10:05PM ET",1.439,"OAK"
"RP","Liam Hendriks",4300,"SEA@OAK 10:05PM ET",2.956,"OAK"
"SP","Tyler Cloyd",4300,"SEA@OAK 10:05PM ET",7.050,"SEA"
"RP","Daniel Coulombe",4300,"SEA@OAK 10:05PM ET",1.607,"OAK"
"SS","Marcus Semien",4300,"SEA@OAK 10:05PM ET",8.179,"OAK"
"RP","Cody Martin",4300,"SEA@OAK 10:05PM ET",-5.700,"SEA"
"RP","Josh Smith",4300,"SEA@OAK 10:05PM ET",2.644,"OAK"
"RP","Blake Treinen",4300,"SEA@OAK 10:05PM ET",2.694,"OAK"
"SP","Andrew Triggs",4300,"SEA@OAK 10:05PM ET",12.533,"OAK"
"RP","Bobby Wahl",4300,"SEA@OAK 10:05PM ET",2.493,"OAK"
"RP","Frankie Montas",4300,"SEA@OAK 10:05PM ET",2.643,"OAK"
"RP","Ryne Harper",4300,"SEA@OAK 10:05PM ET",0,"SEA"
"RP","Max Povse",4300,"SEA@OAK 10:05PM ET",0.083,"SEA"
"RP","Ryan Dull",4300,"SEA@OAK 10:05PM ET",2.451,"OAK"
"3B","Adrian Beltre",4300,"HOU@TEX 08:05PM ET",8.813,"TEX"
"OF","Josh Reddick",4300,"HOU@TEX 08:05PM ET",7.970,"HOU"
"RP","Oliver Perez",4300,"WAS@PHI 07:05PM ET",2.001,"WAS"
"RP","Francisco Rodriguez",4300,"WAS@PHI 07:05PM ET",1.471,"WAS"
"RP","Ryan Madson",4300,"WAS@PHI 07:05PM ET",3.798,"WAS"
"RP","Joe Blanton",4300,"WAS@PHI 07:05PM ET",1.763,"WAS"
"RP","Brandon Kintzler",4300,"WAS@PHI 07:05PM ET",2.297,"WAS"
"RP","Shawn Kelley",4300,"WAS@PHI 07:05PM ET",1.633,"WAS"
"RP","Sean Doolittle",4300,"WAS@PHI 07:05PM ET",3.565,"WAS"
"RP","Neil Ramirez",4300,"WAS@PHI 07:05PM ET",2.583,"WAS"
"RP","Sammy Solis",4300,"WAS@PHI 07:05PM ET",2.034,"WAS"
"SP","Jacob Turner",4300,"WAS@PHI 07:05PM ET",3.497,"WAS"
"RP","Enny Romero",4300,"WAS@PHI 07:05PM ET",3.154,"WAS"
"RP","Trevor Gott",4300,"WAS@PHI 07:05PM ET",-2.913,"WAS"
"RP","Koda Glover",4300,"WAS@PHI 07:05PM ET",1.787,"WAS"
"OF","David Peralta",4300,"SF@ARI 09:40PM ET",7.566,"ARI"
"SP","Pierce Johnson",4300,"SF@ARI 09:40PM ET",4.450,"SF"
"SP","Andrew Suarez",4300,"SF@ARI 09:40PM ET",0,"SF"
"RP","Kenley Jansen",4300,"SD@LAD 10:10PM ET",5.205,"LAD"
"RP","Josh Ravin",4300,"SD@LAD 10:10PM ET",2.736,"LAD"
"RP","Tony Watson",4300,"SD@LAD 10:10PM ET",2.396,"LAD"
"RP","Josh Fields",4300,"SD@LAD 10:10PM ET",3.432,"LAD"
"RP","Pedro Baez",4300,"SD@LAD 10:10PM ET",2.658,"LAD"
"RP","Tommy Layne",4300,"SD@LAD 10:10PM ET",0.539,"LAD"
"RP","Luis Avilan",4300,"SD@LAD 10:10PM ET",2.402,"LAD"
"RP","Justin Marks",4300,"SD@LAD 10:10PM ET",1.200,"LAD"
"RP","Grant Dayton",4300,"SD@LAD 10:10PM ET",1.816,"LAD"
"RP","Adam Liberatore",4300,"SD@LAD 10:10PM ET",3.125,"LAD"
"RP","Tony Cingrani",4300,"SD@LAD 10:10PM ET",2.733,"LAD"
"RP","Huston Street",4200,"LAA@CWS 08:10PM ET",3.300,"LAA"
"SP","Mike Pelfrey",4200,"LAA@CWS 08:10PM ET",5.414,"CWS"
"RP","Deolis Guerra",4200,"LAA@CWS 08:10PM ET",3.350,"LAA"
"RP","Andrew Bailey",4200,"LAA@CWS 08:10PM ET",3.620,"LAA"
"RP","Blake Parker",4200,"LAA@CWS 08:10PM ET",3.801,"LAA"
"RP","Jose Alvarez",4200,"LAA@CWS 08:10PM ET",1.927,"LAA"
"1B","Jose Abreu",4200,"LAA@CWS 08:10PM ET",9.147,"CWS"
"RP","Brooks Pounders",4200,"LAA@CWS 08:10PM ET",1.223,"LAA"
"RP","Cam Bedrosian",4200,"LAA@CWS 08:10PM ET",3.468,"LAA"
"RP","Keynan Middleton",4200,"LAA@CWS 08:10PM ET",2.774,"LAA"
"RP","Zack Burdi",4200,"LAA@CWS 08:10PM ET",0,"CWS"
"1B","Justin Smoak",4200,"TOR@BOS 07:10PM ET",8.275,"TOR"
"1B/OF","Jose Martinez",4200,"CHC@STL 08:15PM ET",6.110,"STL"
"SP","Juan Nicasio",4200,"CHC@STL 08:15PM ET",3.045,"STL"
"SP","Eddie Butler",4200,"CHC@STL 08:15PM ET",7.923,"CHC"
"RP","Mike Mayers",4200,"CHC@STL 08:15PM ET",-0.900,"STL"
"OF","Kyle Schwarber",4200,"CHC@STL 08:15PM ET",6.912,"CHC"
"RP","David Phelps",4200,"SEA@OAK 10:05PM ET",3.268,"SEA"
"RP","Yohander Mendez",4200,"HOU@TEX 08:05PM ET",1.200,"TEX"
"3B/SS","Alex Bregman",4200,"HOU@TEX 08:05PM ET",7.797,"HOU"
"RP","Francis Martes",4200,"HOU@TEX 08:05PM ET",4.900,"HOU"
"2B","Daniel Murphy",4200,"WAS@PHI 07:05PM ET",8.613,"WAS"
"3B","Anthony Rendon",4200,"WAS@PHI 07:05PM ET",8.782,"WAS"
"RP","Bryan Morris",4200,"SF@ARI 09:40PM ET",1.713,"SF"
"RP","Mark Melancon",4200,"SF@ARI 09:40PM ET",2.284,"SF"
"RP","Sam Dyson",4200,"SF@ARI 09:40PM ET",1.525,"SF"
"RP","Cory Gearrin",4200,"SF@ARI 09:40PM ET",3.066,"SF"
"RP","Hunter Strickland",4200,"SF@ARI 09:40PM ET",2.528,"SF"
"RP","Derek Law",4200,"SF@ARI 09:40PM ET",2.267,"SF"
"RP","Josh Osich",4200,"SF@ARI 09:40PM ET",1.631,"SF"
"RP","Steven Okert",4200,"SF@ARI 09:40PM ET",1.092,"SF"
"RP","Ray Black",4200,"SF@ARI 09:40PM ET",0,"SF"
"RP","Reyes Moronta",4200,"SF@ARI 09:40PM ET",3.380,"SF"
"RP","Kyle Crick",4200,"SF@ARI 09:40PM ET",2.695,"SF"
"RP","Matt Strahm",4200,"SD@LAD 10:10PM ET",3.542,"SD"
"OF","Carlos Gonzalez",4200,"MIA@COL 08:40PM ET",6.444,"COL"
"SS","Trevor Story",4200,"MIA@COL 08:40PM ET",6.857,"COL"
"RP","Fernando Salas",4100,"LAA@CWS 08:10PM ET",2.008,"LAA"
"SP","Hector Velazquez",4100,"TOR@BOS 07:10PM ET",9.760,"BOS"
"RP","Pedro Strop",4100,"CHC@STL 08:15PM ET",2.828,"CHC"
"RP","Wade Davis",4100,"CHC@STL 08:15PM ET",3.953,"CHC"
"RP","Brian Duensing",4100,"CHC@STL 08:15PM ET",2.742,"CHC"
"RP","Hector Rondon",4100,"CHC@STL 08:15PM ET",3.065,"CHC"
"RP","Justin Grimm",4100,"CHC@STL 08:15PM ET",2.645,"CHC"
"RP","Justin Wilson",4100,"CHC@STL 08:15PM ET",3.345,"CHC"
"RP","Koji Uehara",4100,"CHC@STL 08:15PM ET",2.872,"CHC"
"RP","Felix Pena",4100,"CHC@STL 08:15PM ET",3.257,"CHC"
"RP","Carl Edwards Jr.",4100,"CHC@STL 08:15PM ET",3.656,"CHC"
"2B/SS","Paul DeJong",4100,"CHC@STL 08:15PM ET",8.139,"STL"
"RP","Marc Rzepczynski",4100,"SEA@OAK 10:05PM ET",1.163,"SEA"
"RP","Evan Scribner",4100,"SEA@OAK 10:05PM ET",0.338,"SEA"
"RP","Nick Vincent",4100,"SEA@OAK 10:05PM ET",2.563,"SEA"
"RP","Ryan Weber",4100,"SEA@OAK 10:05PM ET",4.450,"SEA"
"RP","James Pazos",4100,"SEA@OAK 10:05PM ET",3.084,"SEA"
"SP","Casey Lawrence",4100,"SEA@OAK 10:05PM ET",3.496,"SEA"
"SP","Christian Bergman",4100,"SEA@OAK 10:05PM ET",7.392,"SEA"
"RP","Tony Zych",4100,"SEA@OAK 10:05PM ET",2.842,"SEA"
"RP","Evan Marshall",4100,"SEA@OAK 10:05PM ET",-0.158,"SEA"
"RP","Edwin Diaz",4100,"SEA@OAK 10:05PM ET",3.678,"SEA"
"RP","Shae Simmons",4100,"SEA@OAK 10:05PM ET",3.514,"SEA"
"RP","Ryan Garton",4100,"SEA@OAK 10:05PM ET",1.694,"SEA"
"RP","Emilio Pagan",4100,"SEA@OAK 10:05PM ET",4.863,"SEA"
"RP","Dan Altavilla",4100,"SEA@OAK 10:05PM ET",3.104,"SEA"
"1B","Ryan Zimmerman",4100,"WAS@PHI 07:05PM ET",8.920,"WAS"
"RP","Zac Curtis",4100,"WAS@PHI 07:05PM ET",2.720,"PHI"
"RP","Dylan Floro",4100,"SD@LAD 10:10PM ET",2.983,"LAD"
"1B/OF","Ian Desmond",4100,"MIA@COL 08:40PM ET",6.899,"COL"
"C","J.T. Realmuto",4100,"MIA@COL 08:40PM ET",7.456,"MIA"
"RP","Jarlin Garcia",4100,"MIA@COL 08:40PM ET",1.636,"MIA"
"RP","Jean Machi",4000,"LAA@CWS 08:10PM ET",4.130,"CWS"
"RP","Chris Volstad",4000,"LAA@CWS 08:10PM ET",6.488,"CWS"
"RP","Blake Wood",4000,"LAA@CWS 08:10PM ET",2.526,"LAA"
"RP","Al Alburquerque",4000,"LAA@CWS 08:10PM ET",2.119,"CWS"
"RP","Nate Jones",4000,"LAA@CWS 08:10PM ET",4.059,"CWS"
"RP","Gregory Infante",4000,"LAA@CWS 08:10PM ET",2.691,"CWS"
"RP","Zach Putnam",4000,"LAA@CWS 08:10PM ET",4.814,"CWS"
"RP","Danny Farquhar",4000,"LAA@CWS 08:10PM ET",2.305,"CWS"
"RP","Jason Gurka",4000,"LAA@CWS 08:10PM ET",-0.100,"LAA"
"RP","Jake Petricka",4000,"LAA@CWS 08:10PM ET",1.709,"CWS"
"RP","Chris Beck",4000,"LAA@CWS 08:10PM ET",1.360,"CWS"
"RP","Juan Minaya",4000,"LAA@CWS 08:10PM ET",3.214,"CWS"
"RP","Michael Ynoa",4000,"LAA@CWS 08:10PM ET",2.011,"CWS"
"RP","Dayan Diaz",4000,"LAA@CWS 08:10PM ET",3.465,"LAA"
"RP","Brad Goldberg",4000,"LAA@CWS 08:10PM ET",-0.636,"CWS"
"RP","Noe Ramirez",4000,"LAA@CWS 08:10PM ET",3.885,"LAA"
"1B/OF","Nicky Delmonico",4000,"LAA@CWS 08:10PM ET",7.462,"CWS"
"RP","Jace Fry",4000,"LAA@CWS 08:10PM ET",-1.788,"CWS"
"RP","Aaron Bummer",4000,"LAA@CWS 08:10PM ET",1.569,"CWS"
"RP","Tyler Danish",4000,"LAA@CWS 08:10PM ET",21.850,"CWS"
"2B","Yoan Moncada",4000,"LAA@CWS 08:10PM ET",7.857,"CWS"
"RP","Blaine Boyer",4000,"TOR@BOS 07:10PM ET",2.853,"BOS"
"RP","J.P. Howell",4000,"TOR@BOS 07:10PM ET",0.672,"TOR"
"SP","Brandon Workman",4000,"TOR@BOS 07:10PM ET",3.713,"BOS"
"RP","Taylor Cole",4000,"TOR@BOS 07:10PM ET",-8.550,"TOR"
"RP","Fernando Abad",4000,"TOR@BOS 07:10PM ET",2.568,"BOS"
"RP","Robbie Ross Jr.",4000,"TOR@BOS 07:10PM ET",1.531,"BOS"
"RP","Craig Kimbrel",4000,"TOR@BOS 07:10PM ET",5.630,"BOS"
"RP","Jeff Beliveau",4000,"TOR@BOS 07:10PM ET",1.729,"TOR"
"RP","Brett Oberholtzer",4000,"TOR@BOS 07:10PM ET",0,"TOR"
"SP","TJ House",4000,"TOR@BOS 07:10PM ET",1.050,"TOR"
"SP","Joe Kelly",4000,"TOR@BOS 07:10PM ET",3.263,"BOS"
"RP","Aaron Loup",4000,"TOR@BOS 07:10PM ET",2.317,"TOR"
"RP","Ryan Tepera",4000,"TOR@BOS 07:10PM ET",3.326,"TOR"
"RP","Matt Dermody",4000,"TOR@BOS 07:10PM ET",2.420,"TOR"
"RP","Austin Maddox",4000,"TOR@BOS 07:10PM ET",4.073,"BOS"
"RP","Kyle Martin",4000,"TOR@BOS 07:10PM ET",1.425,"BOS"
"RP","Carlos Ramirez",4000,"TOR@BOS 07:10PM ET",3.800,"TOR"
"RP","Matt Barnes",4000,"TOR@BOS 07:10PM ET",3.303,"BOS"
"RP","Tyler Thornburg",4000,"TOR@BOS 07:10PM ET",0,"BOS"
"RP","Addison Reed",4000,"TOR@BOS 07:10PM ET",3.129,"BOS"
"RP","Heath Hembree",4000,"TOR@BOS 07:10PM ET",2.973,"BOS"
"RP","Danny Barnes",4000,"TOR@BOS 07:10PM ET",3.193,"TOR"
"RP","Justin Haley",4000,"TOR@BOS 07:10PM ET",3.370,"BOS"
"RP","Leonel Campos",4000,"TOR@BOS 07:10PM ET",3.135,"TOR"
"RP","Roberto Osuna",4000,"TOR@BOS 07:10PM ET",3.636,"TOR"
"RP","Carson Smith",4000,"TOR@BOS 07:10PM ET",3.250,"BOS"
"RP","Luis Santos",4000,"TOR@BOS 07:10PM ET",5.043,"TOR"
"RP","Robby Scott",4000,"TOR@BOS 07:10PM ET",1.651,"BOS"
"RP","Dominic Leone",4000,"TOR@BOS 07:10PM ET",3.789,"TOR"
"RP","Tim Mayza",4000,"TOR@BOS 07:10PM ET",2.080,"TOR"
"RP","Ben Taylor",4000,"TOR@BOS 07:10PM ET",2.686,"BOS"
"RP","Zach Duke",4000,"CHC@STL 08:15PM ET",0.854,"STL"
"RP","Jonathan Broxton",4000,"CHC@STL 08:15PM ET",1.143,"STL"
"RP","Seung Hwan Oh",4000,"CHC@STL 08:15PM ET",2.266,"STL"
"RP","Miguel Socolovich",4000,"CHC@STL 08:15PM ET",0.947,"STL"
"RP","Brett Cecil",4000,"CHC@STL 08:15PM ET",2.414,"STL"
"RP","Tyler Lyons",4000,"CHC@STL 08:15PM ET",4.058,"STL"
"RP","Trevor Rosenthal",4000,"CHC@STL 08:15PM ET",3.997,"STL"
"RP","Josh Lucas",4000,"CHC@STL 08:15PM ET",2.983,"STL"
"RP","Sam Tuivailala",4000,"CHC@STL 08:15PM ET",3.274,"STL"
"RP","Ryan Sherriff",4000,"CHC@STL 08:15PM ET",3.025,"STL"
"RP","John Brebbia",4000,"CHC@STL 08:15PM ET",3.230,"STL"
"2B/SS","Javier Baez",4000,"CHC@STL 08:15PM ET",6.965,"CHC"
"RP","Dillon Maples",4000,"CHC@STL 08:15PM ET",1.025,"CHC"
"RP","Matt Bowman",4000,"CHC@STL 08:15PM ET",1.870,"STL"
"SP","Jen-Ho Tseng",4000,"CHC@STL 08:15PM ET",4.550,"CHC"
"RP","Sandy Alcantara",4000,"CHC@STL 08:15PM ET",3.380,"STL"
"RP","Ernesto Frieri",4000,"SEA@OAK 10:05PM ET",1.758,"SEA"
"OF","Khris Davis",4000,"SEA@OAK 10:05PM ET",8.818,"OAK"
"RP","Ashur Tolliver",4000,"SEA@OAK 10:05PM ET",3.950,"SEA"
"RP","Thyago Vieira",4000,"SEA@OAK 10:05PM ET",4.250,"SEA"
"RP","Sam Moll",4000,"SEA@OAK 10:05PM ET",-0.181,"OAK"
"RP","Jason Grilli",4000,"HOU@TEX 08:05PM ET",2.048,"TEX"
"RP","Jumbo Diaz",4000,"HOU@TEX 08:05PM ET",1.977,"HOU"
"RP","Tyler Clippard",4000,"HOU@TEX 08:05PM ET",2.494,"HOU"
"RP","Matt Bush",4000,"HOU@TEX 08:05PM ET",2.743,"TEX"
"RP","Tony Sipp",4000,"HOU@TEX 08:05PM ET",1.706,"HOU"
"RP","Will Harris",4000,"HOU@TEX 08:05PM ET",3.443,"HOU"
"RP","Tony Barnette",4000,"HOU@TEX 08:05PM ET",2.866,"TEX"
"SP","Austin Bibens-Dirkx",4000,"HOU@TEX 08:05PM ET",5.061,"TEX"
"RP","Preston Claiborne",4000,"HOU@TEX 08:05PM ET",-0.500,"TEX"
"RP","Luke Gregerson",4000,"HOU@TEX 08:05PM ET",2.647,"HOU"
"RP","Jake Diekman",4000,"HOU@TEX 08:05PM ET",2.989,"TEX"
"RP","Jhan Marinez",4000,"HOU@TEX 08:05PM ET",2.676,"TEX"
"RP","Tanner Scheppers",4000,"HOU@TEX 08:05PM ET",1.520,"TEX"
"RP","Anthony Bass",4000,"HOU@TEX 08:05PM ET",-5.825,"TEX"
"RP","Ken Giles",4000,"HOU@TEX 08:05PM ET",3.838,"HOU"
"RP","Dario Alvarez",4000,"HOU@TEX 08:05PM ET",2.418,"TEX"
"RP","Reymin Guduan",4000,"HOU@TEX 08:05PM ET",0.828,"HOU"
"RP","Alex Claudio",4000,"HOU@TEX 08:05PM ET",3.057,"TEX"
"SP","Connor Sadzeck",4000,"HOU@TEX 08:05PM ET",0,"TEX"
"RP","Jandel Gustave",4000,"HOU@TEX 08:05PM ET",0.342,"HOU"
"RP","Michael Feliz",4000,"HOU@TEX 08:05PM ET",3.311,"HOU"
"RP","Jose Leclerc",4000,"HOU@TEX 08:05PM ET",3.179,"TEX"
"RP","Ricky Rodriguez",4000,"HOU@TEX 08:05PM ET",0.868,"TEX"
"RP","Chris Devenski",4000,"HOU@TEX 08:05PM ET",5.110,"HOU"
"RP","Keone Kela",4000,"HOU@TEX 08:05PM ET",4.024,"TEX"
"RP","James Hoyt",4000,"HOU@TEX 08:05PM ET",3.677,"HOU"
"RP","Nick Gardewine",4000,"HOU@TEX 08:05PM ET",-0.406,"TEX"
"RP","Pedro Beato",4000,"WAS@PHI 07:05PM ET",3.500,"PHI"
"RP","Casey Fien",4000,"WAS@PHI 07:05PM ET",0.020,"PHI"
"RP","Luis Garcia",4000,"WAS@PHI 07:05PM ET",2.888,"PHI"
"RP","Kevin Siegrist",4000,"WAS@PHI 07:05PM ET",2.259,"PHI"
"RP","Hoby Milner",4000,"WAS@PHI 07:05PM ET",1.712,"PHI"
"RP","Edubray Ramos",4000,"WAS@PHI 07:05PM ET",2.999,"PHI"
"RP","Jesen Therrien",4000,"WAS@PHI 07:05PM ET",0.537,"PHI"
"RP","Hector Neris",4000,"WAS@PHI 07:05PM ET",3.165,"PHI"
"SP","Adam Morgan",4000,"WAS@PHI 07:05PM ET",4.765,"PHI"
"RP","Yacksel Rios",4000,"WAS@PHI 07:05PM ET",3.285,"PHI"
"RP","Ricardo Pinto",4000,"WAS@PHI 07:05PM ET",1.483,"PHI"
"RP","Drew Anderson",4000,"WAS@PHI 07:05PM ET",-3.475,"PHI"
"RP","Victor Arano",4000,"WAS@PHI 07:05PM ET",3.733,"PHI"
"C","Chris Iannetta",4000,"SF@ARI 09:40PM ET",6.767,"ARI"
"RP","Roberto Gomez",4000,"SF@ARI 09:40PM ET",2.633,"SF"
"RP","Craig Stammen",4000,"SD@LAD 10:10PM ET",3.825,"SD"
"3B","Justin Turner",4000,"SD@LAD 10:10PM ET",8.905,"LAD"
"RP","Fabio Castillo",4000,"SD@LAD 10:10PM ET",0.300,"LAD"
"RP","Wilmer Font",4000,"SD@LAD 10:10PM ET",-2.117,"LAD"
"RP","Brad Hand",4000,"SD@LAD 10:10PM ET",4.343,"SD"
"RP","Cory Mazzoni",4000,"SD@LAD 10:10PM ET",-4.833,"SD"
"RP","Buddy Baumann",4000,"SD@LAD 10:10PM ET",2.641,"SD"
"RP","Kirby Yates",4000,"SD@LAD 10:10PM ET",3.794,"SD"
"RP","Jose Valdez",4000,"SD@LAD 10:10PM ET",1.780,"SD"
"SP","Cesar Vargas",4000,"SD@LAD 10:10PM ET",0,"SD"
"RP","Jose M. Torres",4000,"SD@LAD 10:10PM ET",3.111,"SD"
"RP","Carter Capps",4000,"SD@LAD 10:10PM ET",1.395,"SD"
"RP","Kevin Quackenbush",4000,"SD@LAD 10:10PM ET",1.493,"SD"
"RP","Jose Ruiz",4000,"SD@LAD 10:10PM ET",3.650,"SD"
"RP","Miguel Diaz",4000,"SD@LAD 10:10PM ET",2.000,"SD"
"RP","Jordan Jankowski",4000,"SD@LAD 10:10PM ET",2.117,"LAD"
"SP","Kyle Lloyd",4000,"SD@LAD 10:10PM ET",0.200,"SD"
"RP","Kyle McGrath",4000,"SD@LAD 10:10PM ET",3.507,"SD"
"RP","Phil Maton",4000,"SD@LAD 10:10PM ET",2.822,"SD"
"RP","Dustin McGowan",4000,"MIA@COL 08:40PM ET",3.048,"MIA"
"RP","Chad Qualls",4000,"MIA@COL 08:40PM ET",1.595,"COL"
"RP","Pat Neshek",4000,"MIA@COL 08:40PM ET",3.442,"COL"
"RP","Brad Ziegler",4000,"MIA@COL 08:40PM ET",1.209,"MIA"
"RP","Jake McGee",4000,"MIA@COL 08:40PM ET",2.653,"COL"
"1B","Mark Reynolds",4000,"MIA@COL 08:40PM ET",7.951,"COL"
"RP","Javy Guerra",4000,"MIA@COL 08:40PM ET",2.417,"MIA"
"RP","Mike Dunn",4000,"MIA@COL 08:40PM ET",2.269,"COL"
"RP","Adam Ottavino",4000,"MIA@COL 08:40PM ET",2.123,"COL"
"RP","Greg Holland",4000,"MIA@COL 08:40PM ET",3.189,"COL"
"2B","Dee Gordon",4000,"MIA@COL 08:40PM ET",8.556,"MIA"
"SP","Chris Rusin",4000,"MIA@COL 08:40PM ET",4.126,"COL"
"RP","Hunter Cervenka",4000,"MIA@COL 08:40PM ET",-0.020,"MIA"
"RP","Junichi Tazawa",4000,"MIA@COL 08:40PM ET",1.963,"MIA"
"RP","Zac Rosscup",4000,"MIA@COL 08:40PM ET",2.385,"COL"
"RP","Jairo Diaz",4000,"MIA@COL 08:40PM ET",-1.388,"COL"
"RP","William Cuevas",4000,"MIA@COL 08:40PM ET",-7.650,"MIA"
"RP","Scott Oberg",4000,"MIA@COL 08:40PM ET",1.863,"COL"
"OF","Christian Yelich",4000,"MIA@COL 08:40PM ET",8.573,"MIA"
"RP","Tayron Guerrero",4000,"MIA@COL 08:40PM ET",0,"MIA"
"RP","Severino Gonzalez",4000,"MIA@COL 08:40PM ET",0,"MIA"
"RP","Carlos Estevez",4000,"MIA@COL 08:40PM ET",2.269,"COL"
"RP","Kyle Barraclough",4000,"MIA@COL 08:40PM ET",3.397,"MIA"
"RP","Drew Steckenrider",4000,"MIA@COL 08:40PM ET",3.783,"MIA"
"RP","Nick Wittgren",4000,"MIA@COL 08:40PM ET",2.996,"MIA"
"OF","David Dahl",4000,"MIA@COL 08:40PM ET",0,"COL"
"SP","Brian Ellington",4000,"MIA@COL 08:40PM ET",2.220,"MIA"
"RP","Shane Carle",4000,"MIA@COL 08:40PM ET",2.467,"COL"
"OF","Cameron Maybin",3900,"HOU@TEX 08:05PM ET",7.445,"HOU"
"1B","Yuli Gurriel",3900,"HOU@TEX 08:05PM ET",7.534,"HOU"
"3B","Derek Dietrich",3900,"MIA@COL 08:40PM ET",5.580,"MIA"
"OF","Rajai Davis",3800,"TOR@BOS 07:10PM ET",5.637,"BOS"
"1B","Hanley Ramirez",3800,"TOR@BOS 07:10PM ET",6.930,"BOS"
"OF","Jackie Bradley Jr.",3800,"TOR@BOS 07:10PM ET",7.150,"BOS"
"C","Willson Contreras",3800,"CHC@STL 08:15PM ET",7.469,"CHC"
"OF","Derek Fisher",3800,"HOU@TEX 08:05PM ET",5.348,"HOU"
"2B","Cesar Hernandez",3800,"WAS@PHI 07:05PM ET",8.074,"PHI"
"OF","Gregor Blanco",3800,"SF@ARI 09:40PM ET",4.895,"ARI"
"OF","Curtis Granderson",3800,"SD@LAD 10:10PM ET",6.629,"LAD"
"SS","Corey Seager",3800,"SD@LAD 10:10PM ET",8.014,"LAD"
"SS","Andrelton Simmons",3700,"LAA@CWS 08:10PM ET",7.392,"LAA"
"SS","Tim Anderson",3700,"LAA@CWS 08:10PM ET",7.057,"CWS"
"C","Yadier Molina",3700,"CHC@STL 08:15PM ET",7.064,"STL"
"SS","Elvis Andrus",3700,"HOU@TEX 08:05PM ET",9.013,"TEX"
"C","Evan Gattis",3700,"HOU@TEX 08:05PM ET",7.241,"HOU"
"1B/OF","Adam Lind",3700,"WAS@PHI 07:05PM ET",5.509,"WAS"
"SS","Ketel Marte",3700,"SF@ARI 09:40PM ET",5.559,"ARI"
"2B/OF","Chris Taylor",3700,"SD@LAD 10:10PM ET",8.518,"LAD"
"OF","Manuel Margot",3700,"SD@LAD 10:10PM ET",7.262,"SD"
"3B/SS","Pat Valaika",3700,"MIA@COL 08:40PM ET",3.748,"COL"
"2B/3B","Brandon Phillips",3600,"LAA@CWS 08:10PM ET",7.279,"LAA"
"OF","Jose Bautista",3600,"TOR@BOS 07:10PM ET",7.053,"TOR"
"OF","Carlos Gomez",3600,"HOU@TEX 08:05PM ET",7.922,"TEX"
"OF","Delino DeShields",3600,"HOU@TEX 08:05PM ET",6.842,"TEX"
"2B/OF","Howie Kendrick",3600,"WAS@PHI 07:05PM ET",7.581,"WAS"
"SS","Freddy Galvis",3600,"WAS@PHI 07:05PM ET",6.647,"PHI"
"OF","Nick Williams",3600,"WAS@PHI 07:05PM ET",7.961,"PHI"
"1B","Wil Myers",3600,"SD@LAD 10:10PM ET",8.159,"SD"
"C","Austin Barnes",3600,"SD@LAD 10:10PM ET",5.062,"LAD"
"OF","Avisail Garcia",3500,"LAA@CWS 08:10PM ET",8.298,"CWS"
"1B/3B","Matt Davidson",3500,"LAA@CWS 08:10PM ET",6.483,"CWS"
"2B/3B","Yolmer Sanchez",3500,"LAA@CWS 08:10PM ET",6.515,"CWS"
"3B","Jhonny Peralta",3500,"TOR@BOS 07:10PM ET",2.238,"BOS"
"2B","Dustin Pedroia",3500,"TOR@BOS 07:10PM ET",7.398,"BOS"
"SS","Troy Tulowitzki",3500,"TOR@BOS 07:10PM ET",5.591,"TOR"
"OF","Jon Jay",3500,"CHC@STL 08:15PM ET",5.269,"CHC"
"1B/3B","Ryon Healy",3500,"SEA@OAK 10:05PM ET",7.085,"OAK"
"1B","Tommy Joseph",3500,"WAS@PHI 07:05PM ET",6.319,"PHI"
"OF","Adam Eaton",3500,"WAS@PHI 07:05PM ET",10.130,"WAS"
"C","Jorge Alfaro",3500,"WAS@PHI 07:05PM ET",6.731,"PHI"
"OF/SS","Chris Owings",3500,"SF@ARI 09:40PM ET",7.245,"ARI"
"OF","Yasmany Tomas",3500,"SF@ARI 09:40PM ET",6.896,"ARI"
"OF","Hunter Renfroe",3500,"SD@LAD 10:10PM ET",6.905,"SD"
"OF","Peter O'Brien",3500,"SD@LAD 10:10PM ET",0,"LAD"
"OF","Yasiel Puig",3500,"SD@LAD 10:10PM ET",7.392,"LAD"
"C","Russell Martin",3400,"TOR@BOS 07:10PM ET",6.753,"TOR"
"1B","Mitch Moreland",3400,"TOR@BOS 07:10PM ET",6.750,"BOS"
"C","Christian Vazquez",3400,"TOR@BOS 07:10PM ET",6.074,"BOS"
"2B","Kolten Wong",3400,"CHC@STL 08:15PM ET",6.789,"STL"
"OF","Randal Grichuk",3400,"CHC@STL 08:15PM ET",6.800,"STL"
"2B/OF","Ian Happ",3400,"CHC@STL 08:15PM ET",7.486,"CHC"
"OF","Matt Joyce",3400,"SEA@OAK 10:05PM ET",7.257,"OAK"
"2B","Jed Lowrie",3400,"SEA@OAK 10:05PM ET",7.510,"OAK"
"OF","Mitch Haniger",3400,"SEA@OAK 10:05PM ET",8.122,"SEA"
"OF/SS","Chad Pinder",3400,"SEA@OAK 10:05PM ET",6.213,"OAK"
"2B","Rougned Odor",3400,"HOU@TEX 08:05PM ET",6.942,"TEX"
"1B/3B","Joey Gallo",3400,"HOU@TEX 08:05PM ET",7.920,"TEX"
"OF","Nomar Mazara",3400,"HOU@TEX 08:05PM ET",7.489,"TEX"
"OF","Jayson Werth",3400,"WAS@PHI 07:05PM ET",6.875,"WAS"
"3B","Maikel Franco",3400,"WAS@PHI 07:05PM ET",6.313,"PHI"
"OF","Hunter Pence",3400,"SF@ARI 09:40PM ET",6.349,"SF"
"1B/C","Buster Posey",3400,"SF@ARI 09:40PM ET",7.370,"SF"
"C","Yasmani Grandal",3400,"SD@LAD 10:10PM ET",6.395,"LAD"
"3B","Ryan Schimpf",3400,"SD@LAD 10:10PM ET",6.377,"SD"
"OF","Stephen Cardullo",3400,"MIA@COL 08:40PM ET",2.000,"COL"
"OF","Raimel Tapia",3400,"MIA@COL 08:40PM ET",4.455,"COL"
"OF","Ben Revere",3300,"LAA@CWS 08:10PM ET",4.896,"LAA"
"OF","Kole Calhoun",3300,"LAA@CWS 08:10PM ET",6.887,"LAA"
"1B","C.J. Cron",3300,"LAA@CWS 08:10PM ET",6.713,"LAA"
"1B","Kendrys Morales",3300,"TOR@BOS 07:10PM ET",7.027,"TOR"
"3B","Deven Marrero",3300,"TOR@BOS 07:10PM ET",4.761,"BOS"
"SS","Richard Urena",3300,"TOR@BOS 07:10PM ET",4.833,"TOR"
"OF","Shin-soo Choo",3300,"HOU@TEX 08:05PM ET",8.103,"TEX"
"C","Brian McCann",3300,"HOU@TEX 08:05PM ET",7.108,"HOU"
"OF","Michael A. Taylor",3300,"WAS@PHI 07:05PM ET",7.196,"WAS"
"OF","Denard Span",3300,"SF@ARI 09:40PM ET",7.298,"SF"
"OF","Jeremy Hazelbaker",3300,"SF@ARI 09:40PM ET",2.972,"ARI"
"2B","Brandon Drury",3300,"SF@ARI 09:40PM ET",5.992,"ARI"
"SS","Nick Ahmed",3300,"SF@ARI 09:40PM ET",5.962,"ARI"
"1B","Albert Pujols",3200,"LAA@CWS 08:10PM ET",7.021,"LAA"
"OF","Rymer Liriano",3200,"LAA@CWS 08:10PM ET",3.600,"CWS"
"C","Miguel Montero",3200,"TOR@BOS 07:10PM ET",4.120,"TOR"
"OF","Michael Saunders",3200,"TOR@BOS 07:10PM ET",4.686,"TOR"
"OF","Steve Pearce",3200,"TOR@BOS 07:10PM ET",6.391,"TOR"
"2B","Devon Travis",3200,"TOR@BOS 07:10PM ET",6.900,"TOR"
"1B/2B","Rob Refsnyder",3200,"TOR@BOS 07:10PM ET",2.000,"TOR"
"1B","Rowdy Tellez",3200,"TOR@BOS 07:10PM ET",0,"TOR"
"2B/OF","Ben Zobrist",3200,"CHC@STL 08:15PM ET",6.040,"CHC"
"1B/C","Alex Avila",3200,"CHC@STL 08:15PM ET",6.101,"CHC"
"3B","Jedd Gyorko",3200,"CHC@STL 08:15PM ET",6.959,"STL"
"3B","Kyle Seager",3200,"SEA@OAK 10:05PM ET",7.443,"SEA"
"OF/SS","Jurickson Profar",3200,"HOU@TEX 08:05PM ET",3.864,"TEX"
"3B","J.D. Davis",3200,"HOU@TEX 08:05PM ET",5.900,"HOU"
"1B","Tyler White",3200,"HOU@TEX 08:05PM ET",7.125,"HOU"
"OF","Daniel Nava",3200,"WAS@PHI 07:05PM ET",4.513,"PHI"
"OF","Odubel Herrera",3200,"WAS@PHI 07:05PM ET",7.114,"PHI"
"3B","Pablo Sandoval",3200,"SF@ARI 09:40PM ET",4.849,"SF"
"2B/OF","Daniel Descalso",3200,"SF@ARI 09:40PM ET",5.228,"ARI"
"SS","Jack Reinheimer",3200,"SF@ARI 09:40PM ET",0.000,"ARI"
"2B","Joe Panik",3200,"SF@ARI 09:40PM ET",6.811,"SF"
"C","Jonathan Lucroy",3200,"MIA@COL 08:40PM ET",5.542,"COL"
"SS","Miguel Rojas",3200,"MIA@COL 08:40PM ET",4.964,"MIA"
"1B","Tomas Telis",3200,"MIA@COL 08:40PM ET",3.400,"MIA"
"C","Tom Murphy",3200,"MIA@COL 08:40PM ET",1.083,"COL"
"OF","Jordan Patterson",3200,"MIA@COL 08:40PM ET",0,"COL"
"2B/OF","Alen Hanson",3100,"LAA@CWS 08:10PM ET",3.585,"CWS"
"OF","Adam Engel",3100,"LAA@CWS 08:10PM ET",4.700,"CWS"
"OF","Chris Young",3100,"TOR@BOS 07:10PM ET",4.884,"BOS"
"OF","Kevin Pillar",3100,"TOR@BOS 07:10PM ET",6.695,"TOR"
"3B/SS","Tzu-Wei Lin",3100,"TOR@BOS 07:10PM ET",4.000,"BOS"
"C","Rene Rivera",3100,"CHC@STL 08:15PM ET",5.400,"CHC"
"SS","Addison Russell",3100,"CHC@STL 08:15PM ET",5.906,"CHC"
"1B","Yonder Alonso",3100,"SEA@OAK 10:05PM ET",7.007,"SEA"
"OF","Boog Powell",3100,"SEA@OAK 10:05PM ET",4.377,"OAK"
"OF","Carlos Beltran",3100,"HOU@TEX 08:05PM ET",6.072,"HOU"
"3B/SS","J.P. Crawford",3100,"WAS@PHI 07:05PM ET",5.833,"PHI"
"C/OF","Chris Herrmann",3100,"SF@ARI 09:40PM ET",3.922,"ARI"
"OF","Socrates Brito",3100,"SF@ARI 09:40PM ET",0,"ARI"
"OF","Ichiro Suzuki",3100,"MIA@COL 08:40PM ET",2.238,"MIA"
"OF","Destin Hood",3100,"MIA@COL 08:40PM ET",0,"MIA"
"2B/SS","Alexi Amarista",3100,"MIA@COL 08:40PM ET",2.769,"COL"
"2B/3B","Cliff Pennington",3000,"LAA@CWS 08:10PM ET",3.667,"LAA"
"1B/3B","Jefry Marte",3000,"LAA@CWS 08:10PM ET",4.244,"LAA"
"C","Jarrod Saltalamacchia",3000,"TOR@BOS 07:10PM ET",0.700,"TOR"
"OF","Steve Selsky",3000,"TOR@BOS 07:10PM ET",0.625,"BOS"
"OF","Jason Heyward",3000,"CHC@STL 08:15PM ET",6.298,"CHC"
"OF","Leonys Martin",3000,"CHC@STL 08:15PM ET",4.289,"CHC"
"OF","Albert Almora Jr.",3000,"CHC@STL 08:15PM ET",4.310,"CHC"
"OF","Mark Zagunis",3000,"CHC@STL 08:15PM ET",2.857,"CHC"
"2B","Robinson Cano",3000,"SEA@OAK 10:05PM ET",7.890,"SEA"
"SS","Jean Segura",3000,"SEA@OAK 10:05PM ET",8.387,"SEA"
"OF","Ben Gamel",3000,"SEA@OAK 10:05PM ET",7.000,"SEA"
"1B","Mike Napoli",3000,"HOU@TEX 08:05PM ET",6.815,"TEX"
"C","Robinson Chirinos",3000,"HOU@TEX 08:05PM ET",7.163,"TEX"
"OF","Jake Marisnick",3000,"HOU@TEX 08:05PM ET",5.349,"HOU"
"C","Max Stassi",3000,"HOU@TEX 08:05PM ET",6.000,"HOU"
"C","Brett Nicholas",3000,"HOU@TEX 08:05PM ET",6.118,"TEX"
"2B/OF","Willie Calhoun",3000,"HOU@TEX 08:05PM ET",0.714,"TEX"
"2B/SS","Wilmer Difo",3000,"WAS@PHI 07:05PM ET",4.737,"WAS"
"1B","Brandon Belt",3000,"SF@ARI 09:40PM ET",7.972,"SF"
"SS","Brandon Crawford",3000,"SF@ARI 09:40PM ET",6.413,"SF"
"2B/3B","Kelby Tomlinson",3000,"SF@ARI 09:40PM ET",3.430,"SF"
"3B/SS","Christian Arroyo",3000,"SF@ARI 09:40PM ET",5.059,"SF"
"2B/SS","Yangervis Solarte",3000,"SD@LAD 10:10PM ET",6.754,"SD"
"2B/3B","Logan Forsythe",3000,"SD@LAD 10:10PM ET",5.544,"LAD"
"OF","Jose Pirela",3000,"SD@LAD 10:10PM ET",7.880,"SD"
"OF","Trayce Thompson",3000,"SD@LAD 10:10PM ET",2.391,"LAD"
"1B","Rob Segedin",3000,"SD@LAD 10:10PM ET",1.500,"LAD"
"OF","Alex Verdugo",3000,"SD@LAD 10:10PM ET",2.182,"LAD"
"2B/OF","Nick Franklin",2900,"LAA@CWS 08:10PM ET",2.424,"LAA"
"OF","Ezequiel Carrera",2900,"TOR@BOS 07:10PM ET",4.278,"TOR"
"1B","Sam Travis",2900,"TOR@BOS 07:10PM ET",4.000,"BOS"
"OF","Stephen Piscotty",2900,"CHC@STL 08:15PM ET",6.000,"STL"
"OF","Harrison Bader",2900,"CHC@STL 08:15PM ET",5.462,"STL"
"OF","Nelson Cruz",2900,"SEA@OAK 10:05PM ET",8.901,"SEA"
"C","Carlos Ruiz",2900,"SEA@OAK 10:05PM ET",3.906,"SEA"
"C","Dustin Garneau",2900,"SEA@OAK 10:05PM ET",3.800,"OAK"
"C","Mike Zunino",2900,"SEA@OAK 10:05PM ET",6.603,"SEA"
"OF","Mark Canha",2900,"SEA@OAK 10:05PM ET",4.784,"OAK"
"C","Bruce Maxwell",2900,"SEA@OAK 10:05PM ET",4.746,"OAK"
"3B/SS","Pete Kozma",2900,"HOU@TEX 08:05PM ET",1.231,"TEX"
"1B/OF","Ryan Rua",2900,"HOU@TEX 08:05PM ET",3.569,"TEX"
"OF","Alejandro De Aza",2900,"WAS@PHI 07:05PM ET",3.000,"WAS"
"OF","Hyun Soo Kim",2900,"WAS@PHI 07:05PM ET",3.129,"PHI"
"2B","Scott Kingery",2900,"WAS@PHI 07:05PM ET",0,"PHI"
"OF","Alex Dickerson",2900,"SD@LAD 10:10PM ET",0,"SD"
"OF","Joc Pederson",2900,"SD@LAD 10:10PM ET",5.876,"LAD"
"2B","Carlos Asuaje",2900,"SD@LAD 10:10PM ET",5.386,"SD"
"2B/3B","Christian Colon",2900,"MIA@COL 08:40PM ET",1.833,"MIA"
"OF","Leury Garcia",2800,"LAA@CWS 08:10PM ET",6.545,"CWS"
"OF","Jacob May",2800,"LAA@CWS 08:10PM ET",1.600,"CWS"
"OF","Charlie Tilson",2800,"LAA@CWS 08:10PM ET",0,"CWS"
"2B/3B","Josh Rutledge",2800,"TOR@BOS 07:10PM ET",3.744,"BOS"
"OF","Dalton Pompey",2800,"TOR@BOS 07:10PM ET",0,"TOR"
"C/OF","Blake Swihart",2800,"TOR@BOS 07:10PM ET",1.750,"BOS"
"OF","Anthony Alford",2800,"TOR@BOS 07:10PM ET",1.250,"TOR"
"2B/3B","Tommy La Stella",2800,"CHC@STL 08:15PM ET",3.746,"CHC"
"SS","Aledmys Diaz",2800,"CHC@STL 08:15PM ET",5.920,"STL"
"OF","Jarrod Dyson",2800,"SEA@OAK 10:05PM ET",6.486,"SEA"
"2B","Joey Wendle",2800,"SEA@OAK 10:05PM ET",5.571,"OAK"
"OF","Jared Hoying",2800,"HOU@TEX 08:05PM ET",3.387,"TEX"
"2B","Andy Ibanez",2800,"HOU@TEX 08:05PM ET",0,"TEX"
"OF","Ryan Raburn",2800,"WAS@PHI 07:05PM ET",4.269,"WAS"
"C","Matt Wieters",2800,"WAS@PHI 07:05PM ET",5.445,"WAS"
"OF","Brian Goodwin",2800,"WAS@PHI 07:05PM ET",7.392,"WAS"
"1B/OF","Brock Stassi",2800,"WAS@PHI 07:05PM ET",2.196,"PHI"
"C","Nick Hundley",2800,"SF@ARI 09:40PM ET",4.531,"SF"
"1B","Adrian Gonzalez",2800,"SD@LAD 10:10PM ET",4.629,"LAD"
"OF","Andre Ethier",2800,"SD@LAD 10:10PM ET",3.111,"LAD"
"OF","Andrew Toles",2800,"SD@LAD 10:10PM ET",6.094,"LAD"
"3B","Martin Prado",2800,"MIA@COL 08:40PM ET",5.378,"MIA"
"2B/OF","Steve Lombardozzi",2800,"MIA@COL 08:40PM ET",0.000,"MIA"
"1B/3B","Luis Valbuena",2700,"LAA@CWS 08:10PM ET",5.936,"LAA"
"C","Omar Narvaez",2700,"LAA@CWS 08:10PM ET",4.360,"CWS"
"1B","Cody Asche",2700,"LAA@CWS 08:10PM ET",2.895,"CWS"
"SS","David Fletcher",2700,"LAA@CWS 08:10PM ET",0,"LAA"
"C","Sandy Leon",2700,"TOR@BOS 07:10PM ET",5.265,"BOS"
"2B/SS","Ryan Goins",2700,"TOR@BOS 07:10PM ET",4.642,"TOR"
"OF","Teoscar Hernandez",2700,"TOR@BOS 07:10PM ET",7.143,"TOR"
"OF","Dwight Smith Jr.",2700,"TOR@BOS 07:10PM ET",4.083,"TOR"
"OF","Ian Parmley",2700,"TOR@BOS 07:10PM ET",0.000,"TOR"
"OF","Harold Ramirez",2700,"TOR@BOS 07:10PM ET",0,"TOR"
"1B/C","Victor Caratini",2700,"CHC@STL 08:15PM ET",2.885,"CHC"
"1B","Danny Valencia",2700,"SEA@OAK 10:05PM ET",6.269,"SEA"
"3B","Matt Chapman",2700,"SEA@OAK 10:05PM ET",6.909,"OAK"
"OF","Kyle Tucker",2700,"HOU@TEX 08:05PM ET",0,"HOU"
"3B/SS","Stephen Drew",2700,"WAS@PHI 07:05PM ET",3.500,"WAS"
"C","Cameron Rupp",2700,"WAS@PHI 07:05PM ET",6.116,"PHI"
"2B/3B","Aaron Hill",2700,"SF@ARI 09:40PM ET",2.735,"SF"
"OF","Rey Fuentes",2700,"SF@ARI 09:40PM ET",3.433,"ARI"
"1B","Christian Walker",2700,"SF@ARI 09:40PM ET",2.286,"ARI"
"2B","Chase Utley",2700,"SD@LAD 10:10PM ET",4.688,"LAD"
"SS","Chase d'Arnaud",2700,"SD@LAD 10:10PM ET",2.914,"SD"
"OF/SS","Kike Hernandez",2700,"SD@LAD 10:10PM ET",4.172,"LAD"
"2B/SS","Cristhian Adames",2700,"MIA@COL 08:40PM ET",0.333,"COL"
"3B","Brian Anderson",2700,"MIA@COL 08:40PM ET",5.789,"MIA"
"OF","Willy Garcia",2600,"LAA@CWS 08:10PM ET",4.279,"CWS"
"C","Kevan Smith",2600,"LAA@CWS 08:10PM ET",4.892,"CWS"
"2B","Nolan Fontana",2600,"LAA@CWS 08:10PM ET",2.556,"LAA"
"2B/3B","Darwin Barney",2600,"TOR@BOS 07:10PM ET",3.736,"TOR"
"OF","Darrell Ceciliani",2600,"TOR@BOS 07:10PM ET",8.333,"TOR"
"C","Raffy Lopez",2600,"TOR@BOS 07:10PM ET",5.545,"TOR"
"3B/SS","Alex Mejia",2600,"CHC@STL 08:15PM ET",1.760,"STL"
"OF","Magneuris Sierra",2600,"CHC@STL 08:15PM ET",5.889,"STL"
"OF","Ryan LaMarre",2600,"SEA@OAK 10:05PM ET",0.667,"OAK"
"2B","Phil Gosselin",2600,"HOU@TEX 08:05PM ET",0.944,"TEX"
"C","Andrew Knapp",2600,"WAS@PHI 07:05PM ET",5.593,"PHI"
"2B/SS","Kristopher Negron",2600,"SF@ARI 09:40PM ET",2.000,"ARI"
"3B","Conor Gillaspie",2600,"SF@ARI 09:40PM ET",2.386,"SF"
"C","John Ryan Murphy",2600,"SF@ARI 09:40PM ET",0.000,"ARI"
"OF","Jarrett Parker",2600,"SF@ARI 09:40PM ET",5.622,"SF"
"OF","Mac Williamson",2600,"SF@ARI 09:40PM ET",4.440,"SF"
"3B/SS","Dawel Lugo",2600,"SF@ARI 09:40PM ET",0,"ARI"
"SS","Erick Aybar",2600,"SD@LAD 10:10PM ET",5.192,"SD"
"OF","Matt Szczur",2600,"SD@LAD 10:10PM ET",2.974,"SD"
"C","Hector Sanchez",2600,"SD@LAD 10:10PM ET",3.361,"SD"
"C","A.J. Ellis",2600,"MIA@COL 08:40PM ET",4.362,"MIA"
"2B/OF","Mike Aviles",2600,"MIA@COL 08:40PM ET",3.424,"MIA"
"OF","Mike Tauchman",2600,"MIA@COL 08:40PM ET",1.192,"COL"
"3B","Yunel Escobar",2500,"LAA@CWS 08:10PM ET",6.648,"LAA"
"2B/OF","Brock Holt",2500,"TOR@BOS 07:10PM ET",3.184,"BOS"
"3B/SS","Marco Hernandez",2500,"TOR@BOS 07:10PM ET",3.619,"BOS"
"1B","Chris Carter",2500,"SEA@OAK 10:05PM ET",5.129,"OAK"
"2B/SS","Shawn O'Malley",2500,"SEA@OAK 10:05PM ET",0,"SEA"
"OF","Drew Stubbs",2500,"HOU@TEX 08:05PM ET",1.000,"TEX"
"2B/SS","Hanser Alberto",2500,"HOU@TEX 08:05PM ET",0,"TEX"
"OF","Roman Quinn",2500,"WAS@PHI 07:05PM ET",0,"PHI"
"OF","Gorkys Hernandez",2500,"SF@ARI 09:40PM ET",4.266,"SF"
"2B","Ildemaro Vargas",2500,"SF@ARI 09:40PM ET",0.714,"ARI"
"OF","Franklin Gutierrez",2500,"SD@LAD 10:10PM ET",2.806,"LAD"
"C","Rocky Gale",2500,"SD@LAD 10:10PM ET",8.000,"SD"
"OF","Travis Jankowski",2500,"SD@LAD 10:10PM ET",3.909,"SD"
"C","Ryan Hanigan",2500,"MIA@COL 08:40PM ET",4.647,"COL"
"OF","Eric Young Jr.",2400,"LAA@CWS 08:10PM ET",5.795,"LAA"
"OF","Shane Robinson",2400,"LAA@CWS 08:10PM ET",2.500,"LAA"
"C","Carlos Perez",2400,"LAA@CWS 08:10PM ET",0.500,"LAA"
"2B","Kaleb Cowart",2400,"LAA@CWS 08:10PM ET",4.386,"LAA"
"3B/OF","Chris Coghlan",2400,"TOR@BOS 07:10PM ET",2.757,"TOR"
"C","Luke Maile",2400,"TOR@BOS 07:10PM ET",2.727,"TOR"
"2B/3B","Greg Garcia",2400,"CHC@STL 08:15PM ET",3.175,"STL"
"C","Carson Kelly",2400,"CHC@STL 08:15PM ET",2.333,"STL"
"1B","Ronald Guzman",2400,"HOU@TEX 08:05PM ET",0,"TEX"
"2B/OF","Tony Kemp",2400,"HOU@TEX 08:05PM ET",1.545,"HOU"
"SS","Tyler Smith",2400,"HOU@TEX 08:05PM ET",2.100,"TEX"
"OF","Chris Heisey",2400,"WAS@PHI 07:05PM ET",2.231,"WAS"
"2B/SS","Adrian Sanchez",2400,"WAS@PHI 07:05PM ET",3.194,"WAS"
"C","Pedro Severino",2400,"WAS@PHI 07:05PM ET",1.533,"WAS"
"C","Christian Bethancourt",2400,"SD@LAD 10:10PM ET",0.375,"SD"
"2B/3B","Christian Villanueva",2400,"SD@LAD 10:10PM ET",8.429,"SD"
"SS","Jose Rondon",2400,"SD@LAD 10:10PM ET",0,"SD"
"3B/OF","Cory Spangenberg",2400,"SD@LAD 10:10PM ET",6.464,"SD"
"C","Austin Hedges",2400,"SD@LAD 10:10PM ET",5.375,"SD"
"2B","Luis Urias",2400,"SD@LAD 10:10PM ET",0,"SD"
"C","Tony Wolters",2400,"MIA@COL 08:40PM ET",4.278,"COL"
"SS","JT Riddle",2400,"MIA@COL 08:40PM ET",4.914,"MIA"
"3B","Ryan McMahon",2400,"MIA@COL 08:40PM ET",1.714,"COL"
"C","Geovany Soto",2300,"LAA@CWS 08:10PM ET",5.533,"CWS"
"C","Eric Fryer",2300,"CHC@STL 08:15PM ET",2.371,"STL"
"C","Tuffy Gosewisch",2300,"SEA@OAK 10:05PM ET",0.909,"SEA"
"C","Juan Centeno",2300,"HOU@TEX 08:05PM ET",3.667,"HOU"
"3B","Will Middlebrooks",2300,"HOU@TEX 08:05PM ET",2.688,"TEX"
"C","A.J. Jimenez",2300,"HOU@TEX 08:05PM ET",1.000,"TEX"
"1B","AJ Reed",2300,"HOU@TEX 08:05PM ET",0.000,"HOU"
"3B","Colin Moran",2300,"HOU@TEX 08:05PM ET",14.500,"HOU"
"2B/OF","Pedro Florimon",2300,"WAS@PHI 07:05PM ET",6.067,"PHI"
"OF","Cameron Perkins",2300,"WAS@PHI 07:05PM ET",2.690,"PHI"
"C","Raudy Read",2300,"WAS@PHI 07:05PM ET",1.571,"WAS"
"OF","Rafael Bautista",2300,"WAS@PHI 07:05PM ET",1.200,"WAS"
"OF","Justin Ruggiano",2300,"SF@ARI 09:40PM ET",4.000,"SF"
"SS","Adam Rosales",2300,"SF@ARI 09:40PM ET",4.238,"ARI"
"C","Tim Federowicz",2300,"SF@ARI 09:40PM ET",1.600,"SF"
"OF","Jabari Blash",2300,"SD@LAD 10:10PM ET",4.930,"SD"
"OF","Franchy Cordero",2300,"SD@LAD 10:10PM ET",5.667,"SD"
"OF/SS","Allen Cordoba",2300,"SD@LAD 10:10PM ET",2.958,"SD"
"1B","Tyler Moore",2300,"MIA@COL 08:40PM ET",2.918,"MIA"
"C","Martin Maldonado",2200,"LAA@CWS 08:10PM ET",4.696,"LAA"
"C","Rob Brantly",2200,"LAA@CWS 08:10PM ET",3.000,"CWS"
"C","Alberto Rosario",2200,"CHC@STL 08:15PM ET",0.000,"STL"
"1B","Luke Voit",2200,"CHC@STL 08:15PM ET",3.561,"STL"
"2B/SS","Breyvic Valera",2200,"CHC@STL 08:15PM ET",1.250,"STL"
"OF","Guillermo Heredia",2200,"SEA@OAK 10:05PM ET",4.691,"SEA"
"C","Jose Lobaton",2200,"WAS@PHI 07:05PM ET",3.583,"WAS"
"OF","Chad Huffman",2200,"WAS@PHI 07:05PM ET",2.083,"WAS"
"2B/OF","Ty Kelly",2200,"WAS@PHI 07:05PM ET",2.164,"PHI"
"OF","Victor Robles",2200,"WAS@PHI 07:05PM ET",5.714,"WAS"
"OF","Emilio Bonifacio",2200,"SF@ARI 09:40PM ET",0.895,"ARI"
"SS","Domingo Leyba",2200,"SF@ARI 09:40PM ET",0,"ARI"
"SS","Dusty Coleman",2200,"SD@LAD 10:10PM ET",4.519,"SD"
"C","Juan Graterol",2100,"LAA@CWS 08:10PM ET",2.023,"LAA"
"OF","Ramon Flores",2100,"LAA@CWS 08:10PM ET",1.250,"LAA"
"C","Zack Collins",2100,"LAA@CWS 08:10PM ET",0,"CWS"
"C","Mike Ohlman",2100,"TOR@BOS 07:10PM ET",1.857,"TOR"
"OF/SS","Taylor Motter",2100,"SEA@OAK 10:05PM ET",4.943,"SEA"
"1B","Daniel Vogelbach",2100,"SEA@OAK 10:05PM ET",1.429,"SEA"
"OF","Kyle Lewis",2100,"SEA@OAK 10:05PM ET",0,"SEA"
"2B/OF","Drew Robinson",2100,"HOU@TEX 08:05PM ET",3.659,"TEX"
"2B/3B","Andres Blanco",2100,"WAS@PHI 07:05PM ET",2.238,"PHI"
"OF","Andrew Stevenson",2100,"WAS@PHI 07:05PM ET",1.722,"WAS"
"1B","Michael Morse",2100,"SF@ARI 09:40PM ET",1.833,"SF"
"C","Jeff Mathis",2100,"SF@ARI 09:40PM ET",4.169,"ARI"
"OF","Chris Marrero",2100,"SF@ARI 09:40PM ET",2.667,"SF"
"OF","Brett Eibner",2100,"SD@LAD 10:10PM ET",3.294,"LAD"
"2B/3B","Tyler Saladino",2000,"LAA@CWS 08:10PM ET",4.014,"CWS"
"2B/SS","Mike Freeman",2000,"CHC@STL 08:15PM ET",1.345,"CHC"
"1B/C","Taylor Davis",2000,"CHC@STL 08:15PM ET",0.750,"CHC"
"OF","Jake Smolinski",2000,"SEA@OAK 10:05PM ET",1.100,"OAK"
"2B/3B","Gordon Beckham",2000,"SEA@OAK 10:05PM ET",0.333,"SEA"
"OF","Jaff Decker",2000,"SEA@OAK 10:05PM ET",4.118,"OAK"
"C","Ryan Lavarnway",2000,"SEA@OAK 10:05PM ET",3.167,"OAK"
"C","Josh Phegley",2000,"SEA@OAK 10:05PM ET",3.625,"OAK"
"OF","Jaycob Brugman",2000,"SEA@OAK 10:05PM ET",4.653,"OAK"
"OF","Jacob Hannemann",2000,"SEA@OAK 10:05PM ET",0.833,"SEA"
"C","Mike Marjama",2000,"SEA@OAK 10:05PM ET",0.000,"SEA"
"3B","Renato Nunez",2000,"SEA@OAK 10:05PM ET",0.500,"OAK"
"OF","Dustin Fowler",2000,"SEA@OAK 10:05PM ET",0.000,"OAK"
"2B/SS","Franklin Barreto",2000,"SEA@OAK 10:05PM ET",5.048,"OAK"
"OF","Carlos Moncrief",2000,"SF@ARI 09:40PM ET",1.786,"SF"
"OF","Austin Slater",2000,"SF@ARI 09:40PM ET",6.265,"SF"
"2B","Miguel Gomez",2000,"SF@ARI 09:40PM ET",1.727,"SF"
"1B/3B","Ryder Jones",2000,"SF@ARI 09:40PM ET",3.521,"SF"
"OF","Orlando Calixte",2000,"SF@ARI 09:40PM ET",2.042,"SF"
"3B","Jae-gyun Hwang",2000,"SF@ARI 09:40PM ET",3.167,"SF"
"3B/SS","Charlie Culberson",2000,"SD@LAD 10:10PM ET",0.889,"LAD"
"1B/OF","O'Koyea Dickson",2000,"SD@LAD 10:10PM ET",1.167,"LAD"
"C","Kyle Farmer",2000,"SD@LAD 10:10PM ET",1.643,"LAD"
"C","Luis Torrens",2000,"SD@LAD 10:10PM ET",2.278,"SD"
